{
    "2": [{
        "userID_i": 2,
        "userID_j": 4,
        "sim": 0.1447863083
    }, {
        "userID_i": 2,
        "userID_j": 7,
        "sim": 0.0302187377
    }, {
        "userID_i": 2,
        "userID_j": 5,
        "sim": 0.0286920266
    }, {
        "userID_i": 2,
        "userID_j": 11,
        "sim": 0.021266648
    }],
    "4": [{
        "userID_i": 4,
        "userID_j": 2,
        "sim": 0.1447863083
    }, {
        "userID_i": 4,
        "userID_j": 5,
        "sim": 0.0811928251
    }, {
        "userID_i": 4,
        "userID_j": 11,
        "sim": 0.0134071434
    }, {
        "userID_i": 4,
        "userID_j": 10,
        "sim": 0.0090724364
    }],
    "5": [{
        "userID_i": 5,
        "userID_j": 10,
        "sim": 0.1690779641
    }, {
        "userID_i": 5,
        "userID_j": 4,
        "sim": 0.0811928251
    }, {
        "userID_i": 5,
        "userID_j": 2,
        "sim": 0.0286920266
    }, {
        "userID_i": 5,
        "userID_j": 11,
        "sim": 0.0046392005
    }],
    "6": [{
        "userID_i": 6,
        "userID_j": 8,
        "sim": 0.0188813937
    }, {
        "userID_i": 6,
        "userID_j": 7,
        "sim": 0.0127126732
    }, {
        "userID_i": 6,
        "userID_j": 2,
        "sim": 0.0070164237
    }, {
        "userID_i": 6,
        "userID_j": 4,
        "sim": 0.0066091535
    }],
    "7": [{
        "userID_i": 7,
        "userID_j": 11,
        "sim": 0.2470620711
    }, {
        "userID_i": 7,
        "userID_j": 8,
        "sim": 0.167415897
    }, {
        "userID_i": 7,
        "userID_j": 2,
        "sim": 0.0302187377
    }, {
        "userID_i": 7,
        "userID_j": 6,
        "sim": 0.0127126732
    }],
    "8": [{
        "userID_i": 8,
        "userID_j": 11,
        "sim": 0.1873035666
    }, {
        "userID_i": 8,
        "userID_j": 7,
        "sim": 0.167415897
    }, {
        "userID_i": 8,
        "userID_j": 6,
        "sim": 0.0188813937
    }, {
        "userID_i": 8,
        "userID_j": 2,
        "sim": 0.0089641353
    }],
    "10": [{
        "userID_i": 10,
        "userID_j": 5,
        "sim": 0.1690779641
    }, {
        "userID_i": 10,
        "userID_j": 4,
        "sim": 0.0090724364
    }],
    "11": [{
        "userID_i": 11,
        "userID_j": 7,
        "sim": 0.2470620711
    }, {
        "userID_i": 11,
        "userID_j": 8,
        "sim": 0.1873035666
    }, {
        "userID_i": 11,
        "userID_j": 2,
        "sim": 0.021266648
    }, {
        "userID_i": 11,
        "userID_j": 4,
        "sim": 0.0134071434
    }]
}